{
	"Athenai": { "x": -0.016211, "y": -0.040953 }
	
}